<metadataResponse>
  <version>3.0</version>
  <timestamp>2023-09-28T11:14:15.671710</timestamp>
  <bulletin>
    <id>NAK-nbrfilter_1.0-10.10.0.77609</id>
    <vendor>NAK</vendor>
    <summary>NAK-nbrfilter: NAKIVO Backup &amp; Replication IO Filter</summary>
    <severity>general</severity>
    <category>enhancement</category>
    <urgency>important</urgency>
    <releaseType>extension</releaseType>
    <description>IO Filter for Real-Time Replication</description>
    <kbUrl>https://helpcenter.nakivo.com</kbUrl>
    <contact>support@nakivo.com</contact>
    <componentNameSpec name="NAK-nbrfilter" uiString="NAK-nbrfilter-ui"/>
    <componentVersionSpec uiString="1.0-10.10.0 - Build 77609" version="1.0-10.10.0.77609"/>
    <releaseDate>2023-09-28T11:14:15+00:00</releaseDate>
    <platforms>
      <softwarePlatform locale="" productLineID="embeddedEsx" version="7.0.0"/>
    </platforms>
    <vibList>
      <vib>
        <vibVersion>1.4.5</vibVersion>
        <vibID>NAK_bootbank_nbrfilter_10.10.0.77609-1OEM.700.1.0.15843807</vibID>
        <name>nbrfilter</name>
        <version>10.10.0.77609-1OEM.700.1.0.15843807</version>
        <vendor>NAK</vendor>
        <vibType>bootbank</vibType>
        <summary>NAKIVO Backup &amp; Replication IO Filter</summary>
        <systemReqs>
          <maintenanceMode install="false">true</maintenanceMode>
          <swPlatform locale="" productLineID="embeddedEsx" version=""/>
        </systemReqs>
        <relationships>
          <depends>
            <constraint name="vmiof_2_5_0_0"/>
            <constraint name="cim.CMPI" relation="=" version="2.0"/>
            <constraint name="libvmkuser-7.0.0-1"/>
            <constraint name="uwglibc64-2.12.2-1"/>
            <constraint name="uwvmkcall-7.0.0-1"/>
          </depends>
          <conflicts/>
          <replaces/>
          <provides>
            <provide name="VAIO-disk-nbrfilter" version="10.10.0.77609"/>
          </provides>
          <compatibleWith/>
        </relationships>
        <postInstall>
          <rebootRequired>false</rebootRequired>
          <hostdRestart>false</hostdRestart>
        </postInstall>
        <softwareTags>
          <tag>VMIOF</tag>
          <tag>VMIOF localID :: nbrfilter</tag>
          <tag>VMIOF class :: replication</tag>
          <tag>VMIOF vibID :: NAK_bootbank_nbrfilter_10.10.0.77609-1OEM.700.1.0.15843807</tag>
        </softwareTags>
        <vibFile>
          <sourceUrl></sourceUrl>
          <relativePath>vib20/nbrfilter/NAK_bootbank_nbrfilter_10.10.0.77609-1OEM.700.1.0.15843807.vib</relativePath>
          <packedSize>257526</packedSize>
          <checksum>
            <checksumType>sha-256</checksumType>
            <checksum>1b04262366d693f5df5eccebcd981fb8de6dbf449f41e51fdb71f098ab8a793e</checksum>
          </checksum>
        </vibFile>
      </vib>
    </vibList>
  </bulletin>
</metadataResponse>
