<bulletin><id>NAK-nbrfilter_1.0-10.10.0.77609</id><vendor>NAK</vendor><summary>NAK-nbrfilter: NAKIVO Backup &amp; Replication IO Filter</summary><severity>general</severity><category>enhancement</category><urgency>important</urgency><releaseType>extension</releaseType><description>IO Filter for Real-Time Replication</description><kbUrl>https://helpcenter.nakivo.com</kbUrl><contact>support@nakivo.com</contact><componentNameSpec name="NAK-nbrfilter" uiString="NAK-nbrfilter-ui"/><componentVersionSpec uiString="1.0-10.10.0 - Build 77609" version="1.0-10.10.0.77609"/><releaseDate>2023-09-28T11:14:15+00:00</releaseDate><platforms><softwarePlatform locale="" productLineID="embeddedEsx" version="7.0.0"/></platforms><vibList><vibID>NAK_bootbank_nbrfilter_10.10.0.77609-1OEM.700.1.0.15843807</vibID></vibList></bulletin>