{"nameSpec": {"uiString": "NAK-nbrfilter-ui", "name": "NAK-nbrfilter"}, "versionSpec": {"version": "1.0-10.10.0.77609", "uiString": "1.0-10.10.0 - Build 77609"}, "components": {"NAK-nbrfilter": ["1.0-10.10.0.77609"]}, "description": "IO Filter for Real-Time Replication", "releaseDate": "2023-09-28T18:13:49.460100", "releaseType": "solution", "summary": "NAKIVO Backup & Replication IO Filter", "vendor": "NAKIVO Inc.", "docURL": "https://helpcenter.nakivo.com", "releaseID": "NAK-nbrfilter_1.0-10.10.0.77609"}