<vib version="5.0"><type>bootbank</type><name>nbrfilter</name><version>10.10.0.77609-1OEM.700.1.0.15843807</version><vendor>NAK</vendor><summary>NAKIVO Backup &amp; Replication IO Filter</summary><description>IO Filter for Real-Time Replication</description><release-date>2023-09-28T11:14:15.106663+00:00</release-date><urls/><relationships><depends><constraint name="vmiof_2_5_0_0"/><constraint name="cim.CMPI" relation="=" version="2.0"/><constraint name="libvmkuser-7.0.0-1"/><constraint name="uwglibc64-2.12.2-1"/><constraint name="uwvmkcall-7.0.0-1"/></depends><conflicts/><replaces/><provides><provide name="VAIO-disk-nbrfilter" version="10.10.0.77609"/></provides><compatibleWith/></relationships><software-tags><tag>VMIOF</tag><tag>VMIOF localID :: nbrfilter</tag><tag>VMIOF class :: replication</tag><tag>VMIOF vibID :: NAK_bootbank_nbrfilter_10.10.0.77609-1OEM.700.1.0.15843807</tag></software-tags><relative-path>vib20/nbrfilter/NAK_bootbank_nbrfilter_10.10.0.77609-1OEM.700.1.0.15843807.vib</relative-path><packed-size>257526</packed-size><checksum checksum-type="sha-256">1b04262366d693f5df5eccebcd981fb8de6dbf449f41e51fdb71f098ab8a793e</checksum><system-requires><maintenance-mode on-install="false" on-remove="true"/></system-requires><file-list><file>etc/cim/openwsman/nbrfilter.conf</file><file>etc/init.d/iofilterd-nbrfilter</file><file>etc/shutdown.d/iofilterd-nbrfilter</file><file>etc/vmware/firewall/vmiof-disk-nbrfilter.xml</file><file>etc/vmware/service/vmiof-disk-nbrfilter.xml</file><file>usr/lib/vmware/iofilter/server/catalogs/en/vmiof-disk-nbrfilter.vmsg</file><file>usr/lib/vmware/vmiof/disk/nbrfilter-config.xml</file><file>usr/lib64/cim/libvmwnbrfilterprovider.so</file><file>usr/lib64/vmware/plugin/libvmiof-disk-daemon-nbrfilter.so</file><file>usr/lib64/vmware/plugin/libvmiof-disk-nbrfilter.so</file><file>var/lib/sfcb/registration/ZZZ_nbrfilter-providerRegister</file><file>var/lib/sfcb/registration/repository/nbrfilter-0-0/nbrfilter/cimv2/classSchemas</file><file>var/lib/sfcb/registration/repository/nbrfilter-0-0/nbrfilter/cimv2/qualifiers</file><file>var/lib/sfcb/registration/repository/nbrfilter-0-0/nbrfilter/cimv2/qualifiers.idx</file></file-list><acceptance-level>community</acceptance-level><live-install-allowed>true</live-install-allowed><live-remove-allowed>true</live-remove-allowed><cimom-restart>false</cimom-restart><stateless-ready>true</stateless-ready><overlay>false</overlay><payloads><payload name="nbrfilte" type="vgz" size="254719"><checksum checksum-type="sha-256" verify-process="gunzip">685515efb84d80effca8dd10d5e91537730f4fc0c809cd3d67316a63826c375c</checksum><checksum checksum-type="sha-256">532d9557a98b6b646eccc1ab4af044b5782c80c0f3748b4b7d544d9b12cf808e</checksum><checksum checksum-type="sha-1" verify-process="gunzip">5469f6f5222a8e7cdb6bf223187a4e32bbc170e2</checksum></payload></payloads></vib>